1.604349132,-0.935352274
0.896227464,-1.615989337
1.129202614,-0.420368867
0.87202199,-1.140039232
2.361210564,-0.50851303
0.365495054,-1.810101796
1.176720709,-1.198626958
1.907867272,-0.99947053
2.433417965,0.299612506
0.897746407,-1.296644662
1.011803001,-1.38658537
1.370672609,-1.080772661
-0.151243062,-2.379774432
2.095461171,0.169141993
-0.081623108,-2.660301856
1.43913252,-0.781993055
1.656542826,-0.802272122
1.56340766,-0.292537541
0.478199191,-1.839685127
0.134012515,-1.851217377
2.043777488,-0.378208238
1.693717115,-1.245778012
-0.231008164,-1.790315855
-0.062542626,-2.470628108
1.381215301,-0.498121355
1.377186643,-0.703510675
1.935918902,-0.552187984
1.416059488,-0.945822713
1.974735591,-0.6735556
1.594055889,-0.504455865
1.450899313,-1.007844426
0.860542834,-1.880555827
0.663163917,-1.851117126
1.555679532,-1.116422336
-0.29928602,-2.121727192
1.81239123,-0.816891526
0.142848337,-2.601566308
-0.175409043,-2.285347371
1.154553848,-0.758464747
1.689119479,-0.320515675
1.938902639,-0.239239797
0.939634084,-1.106319817
1.903510493,-0.309774619
1.23889317,-1.153757012
0.612528233,-1.467427402
1.5180493,-0.205924351
0.855901256,-1.540413382
0.300622318,-1.50968117
1.069956993,-1.779547913
0.208385033,-1.866531617
1.406854266,-0.822726266
2.023761391,-0.500916173
1.748836626,-0.817257391
1.131578484,-0.912100156
1.098570721,-0.949804518
1.66175055,-0.750870584
1.012473429,-1.72140205
1.476148574,-0.873585112
1.040725259,-0.953474735
1.902632627,-0.555333979
0.665222968,-1.428506873
1.746375819,-0.681787059
0.462750233,-2.175131431
1.31560968,-0.64465411
2.032024301,0.172415447
0.819692045,-1.302603679
1.029989993,-1.904956555
2.168286165,-0.117807427
0.761359582,-1.883862325
1.846962471,-0.706963888
0.889160943,-1.822017543
0.911815467,-1.742938093
1.032304703,-1.501585984
0.418120088,-1.948167904
0.50486877,-1.409357309
0.008121834,-1.838486548
0.594341715,-1.545286812
0.162970583,-1.699990817
0.607085076,-1.411755564
0.788866614,-1.115071315
-0.053165298,-2.387449058
1.125369465,-0.481393218
0.745505505,-1.836907146
1.447477633,-0.889004816
1.910005654,-0.127137017
-0.102413027,-2.770371342
1.430732266,-1.33135112
1.277515577,-0.765758439
0.444689416,-1.520051343
0.174964279,-2.005919821
0.673342964,-1.614032948
0.668321655,-2.079397425
0.82291634,-1.199721752
1.744291157,-0.558618586
0.74042384,-1.619497333
0.718519075,-1.881498308
0.811388662,-1.276887917
0.379898813,-2.040385736
0.331750458,-1.599701746
1.545610184,-0.72457469
0.952476655,-1.002411157
0.904728279,-1.087005846
1.90804701,-0.760005562
2.396898065,0.076338152
0.557371513,-1.446880762
2.215377656,-0.13871685
1.964108812,-0.03264513
1.835555555,-0.499369325
2.08183364,-0.314959238
1.97338515,-0.956364302
0.160359153,-2.389829613
0.680278553,-2.245512693
1.6574464,-0.33717141
1.472313921,-1.018027183
1.276019592,-1.223310958
-0.047426565,-2.500521054
0.625181855,-1.40198531
0.617415344,-1.479394611
2.027007354,-0.107933875
0.423513731,-2.042573763
0.422344685,-1.614532169
1.361244232,-0.862478445
0.119350315,-1.419302031
0.655367473,-1.581377896
0.138009978,-2.466186927
0.415298647,-1.844457549
2.33758121,-0.372543168
-0.261807684,-2.420161246
1.573446285,-0.799238621
1.583669002,-0.739479315
0.469950802,-1.592707942
1.01880242,-0.823876731
2.070965125,-0.715429335
0.136734102,-2.21943666
-0.248685628,-2.026396861
0.512378593,-1.776367783
1.724000616,-0.607244788
1.339879936,-0.880403767
0.096938851,-2.058697326
0.1251421,-2.194051719
1.297475993,-1.251878459
2.008913334,-0.49688727
-0.265727884,-2.347364223
0.66770852,-1.509230623
0.318150595,-2.139638965
0.643391472,-1.481343552
2.056969558,0.029016066
0.042578873,-2.015846638
1.556007803,-0.439829683
2.011813436,-0.980414168
1.442989581,-1.028995879
0.462528611,-1.652026688
1.244193207,-1.634810667
1.690680466,-1.129083131
-0.077476076,-2.279446911
0.404522627,-2.217624703
1.337716568,-1.164053725
-0.083883687,-2.614282075
1.110702732,-1.391657321
-0.036963938,-2.645760698
1.673955415,-0.660785878
0.666567798,-2.306962441
1.625488745,-0.998357799
1.95544808,0.074054709
-0.156100881,-2.41575529
0.389567176,-2.320834941
0.603956127,-1.144210763
1.772316975,-0.386719999
1.140065296,-0.823057093
0.749847464,-1.365381846
0.987886294,-1.449874662
1.169948395,-0.997136914
0.834820847,-1.604205302
0.05391336,-1.649812121
0.503936411,-1.964001181
0.84740987,-1.443706084
1.270185918,-1.362725073
1.539472495,-0.614938231
0.756698179,-1.254695797
1.445829872,-1.077542039
1.942731066,-0.270019399
0.91907338,-1.3001413
-0.15673852,-2.228932086
0.858988176,-1.58810018
0.754236452,-1.56064001
1.035559063,-0.903030287
1.052691705,-1.565044973
1.820168164,-0.736328491
0.697555522,-2.144901549
1.017384846,-1.71596184
1.793159561,0.286821894
0.061158494,-2.446563052
0.158113575,-2.357374683
0.212303694,-1.779770283
1.367649473,-1.429525965
1.29107513,-0.912745062
0.302541292,-2.102339804
0.920199047,-1.206969538
-0.075601214,-2.472159121
0.539537288,-2.032689379
0.936330251,-1.542536426
1.784619309,-0.518514999
0.41582702,-1.797289822
1.935045297,-0.775995509
1.856744938,-0.816369845
2.161431429,-0.277089885
0.810426629,-1.602913684
1.69557594,-0.875620281
0.068365585,-2.251986906
0.348890964,-1.562158223
1.765287465,-0.59854508
0.238558228,-2.484941385
-0.068007343,-2.260927749
0.025741631,-1.895558512
1.865391025,-0.488805124
0.747831782,-1.606761341
0.679326834,-2.029040884
0.661413069,-1.384280667
-0.051241296,-2.871005122
1.234272359,-1.388973473
1.515114916,-0.822028033
0.793617296,-0.675583067
1.235837417,-1.315250475
0.356086928,-2.448701817
0.459794439,-1.570772364
2.001271637,-0.718737306
1.315647975,-1.335422321
2.431119038,-0.253695948
1.447280593,-0.88173971
2.02783118,-0.53685997
1.877075551,-0.311716704
1.123774671,-1.256103607
0.674604316,-1.654750757
1.546109704,-0.3139017
1.686078714,-0.412903084
1.716591342,-0.171053188
1.827721548,-0.658363984
0.536803423,-1.463905108
1.264733271,-0.950246751
0.147602355,-2.206653772
1.309049161,-0.037189722
1.542221313,-0.568851779
0.645554269,-1.981775645
0.129520203,-2.302207806
0.255856345,-2.043900094
0.661193993,-1.23281886
0.499043836,-2.06791335
-0.395344315,-2.588937531
0.635020858,-1.667090626
1.865935027,-0.639254245
1.526770255,-1.168903343
0.384367961,-1.707255212
-0.129841014,-2.204203731
1.438358953,-1.374960336
2.085515263,-0.410556817
0.347381173,-1.563338921
0.525088034,-1.897395373
0.361910543,-1.84035943
1.193166903,-1.507602116
0.156424787,-2.390639948
0.493632123,-1.973019323
2.049432394,-0.725335845
1.155556536,-1.40130038
0.186473428,-1.491270092
0.112606232,-2.065392998
0.559067815,-1.116737945
0.276321215,-2.581728132
0.540959944,-1.82190389
1.776540722,-0.336943012
0.607516786,-2.189930494
-0.527283652,-2.233655365
1.863061645,-0.500994629
1.864218903,-0.736178488
1.297058024,-1.197484013
0.53643422,-1.325681578
1.500432789,-0.687734698
0.821472822,-1.588499345
0.523182807,-1.583667337
0.975710514,-0.845480843
0.029605651,-2.162030219
1.058883422,-1.589902492
0.697338645,-1.455124809
0.38512197,-1.4472072
0.073469564,-2.185772129
0.207008146,-1.598684953
1.567483987,-0.55179195
0.829839023,-1.512384691
0.465763265,-1.592641051
0.671031363,-0.666307512
1.476455557,-0.690439479
1.23312611,-1.724297147
1.279391565,-1.723908244
2.044216663,-0.444470018
0.365296759,-1.698465487
0.629155537,-0.930389558
1.971777961,-0.039263262
0.676889302,-1.172393516
0.432723723,-1.57191727
1.800292427,-0.096681674
1.947016058,-0.201732426
0.707472323,-2.074223884
0.839989583,-1.702819028
0.408089632,-2.080658769
0.691943744,-1.211821668
1.297822707,-0.831080525
1.883059522,0.055014183
2.239850545,-0.088172926
1.575452013,-1.164841282
1.998011171,-0.730984489
1.726129632,-0.007803693
0.410102423,-2.120225666
1.868370402,-0.721343049
1.334601951,-1.268089645
0.187581729,-1.862702608
1.999263994,-0.356715244
1.005626146,-1.644677067
1.732649775,-0.90888992
0.615364003,-1.447766452
1.724768529,-0.78714353
1.248608692,-0.502355275
0.27084853,-1.456806579
0.46741094,-2.218292729
0.12123823,-2.165388569
1.605129166,-1.117622673
0.831463654,-1.165811637
0.96990389,-1.324163315
2.212881896,-0.112362637
0.685211404,-1.218449057
0.241394656,-1.758154424
1.83937138,-0.350603485
1.586445495,-0.371167265
1.778121532,-0.893894566
1.31895211,-1.409218061
1.532166477,-0.513233015
1.914358576,-0.693035647
2.237292272,-0.296210494
1.871771237,-0.975264429
0.769730698,-1.407977074
1.726158492,-0.523838031
1.094961799,-1.046266756
1.798733298,-0.464265757
-0.075898119,-2.348236994
0.979160001,-1.155981849
0.068064042,-2.512039053
1.795934815,-0.653359597
1.157629634,-1.218540595
1.006124509,-0.87202612
0.540707129,-1.003644604
1.44334607,-0.284245715
0.665713118,-2.12681316
0.556321931,-2.180464571
1.49477944,-0.862539817
1.746237062,-0.8432553
0.35483534,-1.861797297
1.000765167,-1.080081304
1.69094529,-0.842604928
0.354247194,-1.531896034
1.276382981,-1.842287232
-0.240505486,-2.064053378
-0.017302049,-2.571147426
2.150903799,-0.464614248
1.492166512,-0.721856428
1.107670876,-1.502156852
0.674361683,-1.260272069
1.81230224,0.086678782
0.28249886,-2.144891611
0.632654959,-1.820150015
1.905693338,-0.063214631
0.673585019,-1.118656349
1.386731578,-1.553299761
0.310252192,-1.566642313
1.085633559,-1.284500336
1.921977991,-0.012407414
2.219946901,-0.604215044
0.340324194,-1.978704386
-0.308941503,-2.648528564
2.109121568,-0.69943515
0.703670544,-2.125582898
-0.041912779,-2.368770278
0.454634918,-2.125906115
0.108330893,-2.153356816
2.297603777,-0.222830814
0.74210515,-1.670045991
1.331991455,-0.816140913
0.777819959,-1.039564506
1.169573938,-1.286715826
1.107516356,-1.62159645
1.076879891,-1.220409221
0.10323029,-2.602309341
2.047318,-0.784904117
0.701631524,-1.67061288
1.366250318,-1.295998153
1.156428671,-1.694333361
1.584083889,-0.962643255
0.705524766,-1.469755813
1.902331842,-0.332925454
0.357284287,-2.141808528
1.813397585,-0.745357843
2.042660194,-0.393961659
0.861592494,-1.71862324
0.316401842,-1.951978769
0.984640622,-1.434799349
-0.073668954,-2.453231848
1.740845879,-0.998004928
1.864000568,-0.309235672
1.032315568,-1.499813662
0.22971286,-1.879026259
2.029800238,-0.584169577
1.958132224,0.064729706
0.255011038,-1.845636957
1.627149931,-0.941570947
1.97427402,-0.282262781
0.574825687,-2.043723764
0.321576572,-1.730130071
1.278826539,-1.099648128
0.401051926,-2.313160553
1.176353996,-1.213250333
0.003477638,-2.135796117
0.688785516,-1.511134492
1.120756622,-1.039098972
1.536024318,-0.646999671
0.659569512,-2.024618116
0.290965922,-1.808421219
1.834587445,-0.72395879
0.202696538,-1.95753687
1.923779812,-0.545156418
1.383732021,-1.221187583
1.181880932,-0.881877104
-0.052244669,-2.529056833
0.013408837,-2.154077521
1.380029385,-0.441804379
0.113994662,-2.110351141
0.083075999,-2.041170799
1.394382223,-0.989797393
1.634755529,-0.19546952
1.224099643,-1.042188152
0.414101176,-2.3390851
0.027002279,-2.628368461
1.472755953,-0.825594232
0.953472135,-1.264228055
1.597410859,-0.810854133
1.822993655,-0.456525536
2.555575088,-0.277825493
0.116359238,-2.375288567
1.903192829,-0.783604668
1.998200835,-1.17528178
0.398859138,-1.459297621
0.300054561,-2.093692565
1.988523695,-0.311137887
1.485513021,-0.709243595
0.708117719,-2.253109332
-0.117288146,-2.298974102
0.875213869,-1.3273037
1.773306611,-0.579411058
1.958341982,-0.652311717
1.991145501,-0.083646429
1.397631531,-0.905425857
1.240561424,-1.725746492
1.577301429,-0.695699025
1.081382938,-1.701222627
1.622450754,-1.068320623
1.677438493,-1.087514388
1.629261588,-0.965342783
1.029792378,-1.15618872
-0.059894516,-2.260800055
0.638196239,-1.235460118
0.512895202,-1.886397169
0.629000001,-2.171548659
1.212766719,-1.026846909
0.500801719,-1.98028867
0.601389064,-1.708019265
1.064835049,-0.890898026
0.376948445,-1.889700455
1.819590468,0.424725996
1.485874882,-1.314857427
0.299424129,-1.504161954
0.04170198,-2.225814825
-0.310809655,-2.178401736
2.520889227,0.024313158
1.955295252,-0.156225793
-0.355106227,-2.09730369
1.963296748,-0.933630786
0.816004062,-1.351530636
0.345807612,-1.769012737
1.686871683,-0.31027869
1.411082472,-0.730864912
0.144463552,-2.470067259
0.742766825,-1.687293286
0.028971341,-2.373928184
1.719533715,-0.458741924
1.980519239,-0.594737621
1.82009784,-0.650504271
1.374360109,-1.138947317
0.470609832,-1.845286738
1.306571965,-1.403685602
1.55640878,-0.990858263
1.937039764,-0.255598103
0.729571168,-1.556260265
0.038995376,-1.522371974
0.646580363,-1.740003834
0.182084229,0.248642513
-1.874477464,0.724353619
-1.447076774,1.004520758
-2.281087942,-0.068631418
-0.932505754,1.381263096
-2.024039362,0.05164776
-1.73201038,-0.17048369
-2.029777061,0.40991408
-1.755369382,0.743171569
-1.906266408,1.122663545
-0.088620229,0.525803673
-2.042148681,0.530574432
0.254176923,0.246862585
-1.773819859,0.206224777
-1.616970779,1.3369646
-0.36820301,0.163577272
-0.018887118,0.311844594
-2.193092272,0.70257604
-0.887706677,1.12610974
-1.901249056,0.616668653
-2.166744376,-0.303733262
-2.214234285,0.24515018
-1.199924744,1.071000733
0.457003873,0.094743671
0.381543386,-0.14484489
0.12401521,0.572946183
0.175106086,-0.069240852
-1.954254964,0.780648071
-1.690819383,0.654051196
-0.127723518,0.803404856
-0.916928211,1.333868575
-0.357275885,0.055701351
-1.029534032,1.036452415
-1.43411049,0.877363359
-1.959304725,0.650741311
-1.905562228,0.76034234
0.213875151,0.1696629
-1.863923713,-0.153553451
-1.256149743,0.738215017
-0.830234727,1.266694581
-1.958963638,0.181122613
-1.497932815,0.385338795
-1.723434338,1.101430319
-1.433524069,0.677773658
-1.09556518,1.199978568
-2.140582755,0.613003569
-0.004339555,1.026445444
-2.275167941,-0.093285081
-1.491546499,1.091461163
-1.333993117,1.128393321
-0.690605009,0.949721149
-2.097890932,0.174240958
0.055620176,0.077016145
-0.752868405,1.017784936
-1.536603872,0.998325483
-0.580354887,1.377115835
-0.187679752,-0.072393111
-1.270226194,1.31351677
-1.183937356,1.117469161
0.444466095,0.458459771
0.098329408,0.883162995
0.08325542,0.356996716
-0.011091802,0.566159814
-0.209428627,0.45171963
-1.608039528,0.992230988
-1.717850044,0.343484064
-0.441259627,0.127214917
-1.843256858,0.732410439
-0.967907927,1.249169721
-1.270149655,1.187247672
-0.838045915,0.886730089
-0.249854333,0.749557579
-1.598621818,0.44841539
-2.033067692,0.360309647
-0.484960676,0.587491647
-0.114373472,1.039947277
-2.002740616,0.397280725
-1.664781563,0.325338304
-0.941339053,0.598396206
-1.062157644,0.971044813
-1.505340351,0.685639719
-1.60470996,0.595902517
-1.993738141,0.544819736
-0.680535794,0.967537921
-1.683338167,0.48235172
-1.861185913,0.321319677
-0.337510584,1.046540006
-0.483085235,0.771244901
-1.866089303,0.381018386
-1.269828917,0.659750301
-0.094544683,0.481619452
-0.037415929,0.658838829
-0.531418934,-0.238066582
-0.70264775,1.487661805
-0.039077153,0.837003576
-1.013923606,0.670147186
-1.028757546,0.919361259
-0.052184914,0.032177743
-0.090099274,0.07935217
-1.662600708,0.796324687
-0.800999799,0.688043134
-1.903616626,0.021378248
-1.473125592,0.814203851
-1.960446682,0.513962593
0.099454924,0.319379089
-1.869638645,0.206713637
-0.919339098,0.927047192
-1.667658539,0.322372312
-0.830687428,0.669222479
-1.938117823,0.872367562
-1.875616316,0.54204472
-0.003446485,0.27887039
-1.102111319,1.166461561
-0.17482989,0.655136389
0.047440805,0.330922506
-0.747092959,1.084064509
-2.188318944,0.011433439
-0.902914329,0.989052082
-2.132115956,0.101427256
-1.523248696,-0.335250704
-1.435128741,1.042232495
-0.290103413,1.087414608
-0.688581458,0.662228318
-0.727877435,0.837328465
-0.703030806,1.032333231
-1.936394354,0.020760022
-0.700753146,0.568961615
-1.835866539,0.554114633
-1.769782776,-0.013368784
0.006940053,0.12183092
-1.539993055,0.790925504
-1.32374946,0.896927748
-2.047462383,0.286184854
-0.860607174,1.040729158
-1.702468695,0.716214626
-1.566467231,0.377468274
-2.097381088,0.901097179
-1.601313691,0.101316302
-1.509028939,0.961493126
-1.628342468,0.675839792
-1.95804944,0.203991406
-0.398122076,0.960072279
-0.882510926,1.073441596
-2.000343527,0.133173034
0.211436879,0.056509299
-0.005010841,0.336632393
-1.036074542,1.541341106
-0.082675127,0.859331668
-2.163182783,-0.099474156
-1.575241156,0.775658944
-0.426881182,0.420464609
-2.093388027,0.311005096
-0.859271169,0.91923875
-1.389652792,0.861623237
-1.264976409,0.61074023
-1.97971199,0.455894297
-1.902569465,0.914957391
-0.129349715,0.364947903
-0.77829102,0.963862306
-0.173978564,0.375506675
-1.173027191,0.478271774
-1.90323832,0.67663239
-1.440055216,0.644794041
0.241608077,0.186298315
-1.424373919,0.524968685
-0.270081671,0.403731411
0.208842825,0.902034069
-1.546566784,0.793501324
-1.221051133,1.133745569
-0.280123219,0.839916365
-1.495142784,0.589435216
-0.402848712,0.443603525
-0.142895907,0.537190233
-0.039716228,0.460428987
-1.849988245,0.807431782
0.121066967,0.121384561
-1.147977067,0.666175922
-1.19492281,1.158628077
-0.233658395,0.838295567
-2.543138507,0.214697989
-0.921103332,1.079772432
0.21397364,0.399643523
-0.912799311,1.058082182
-0.869279128,1.236865157
-1.672061529,0.988934534
-2.356101848,0.250403615
-0.31525916,0.746651993
-1.829385953,0.41234207
0.273706387,0.389450574
-0.505123619,0.589870034
-1.679059361,0.283326517
-0.562132822,1.335840771
-0.498843566,0.645503215
-1.635818223,0.978645794
-0.725837526,0.958741154
0.168474728,0.377381672
-1.124454719,0.6104452
-0.599648285,0.873472779
0.109139341,0.461227262
-1.957873926,0.51099149
0.079852722,0.214656475
-1.664615195,0.987962127
-1.012174108,1.11051983
-1.463787111,0.309355912
-0.129236711,1.07199975
-0.643480324,0.646897114
-0.722635858,0.50384936
-1.434357758,0.963026065
-0.41367894,0.137202114
-0.951380847,0.659815588
-0.373224549,0.500824901
-1.392410951,0.473607785
-0.098203092,0.038044397
-1.265860565,0.797789908
-1.921750265,0.964925113
-2.107114595,-0.458589986
-1.538616278,0.456487041
0.057407831,0.61166225
-0.048881242,0.30508514
-0.041741446,0.110129567
-2.052440554,0.27416017
-1.22743195,1.612758895
0.029223393,-0.192376468
-2.067165127,0.480574192
-0.21845666,0.41184269
-1.732509813,0.822368613
-0.833985687,1.288205756
-0.560272703,0.957306825
-1.626261321,0.75914841
-0.074274471,0.100927158
0.159423446,0.745272805
-0.099212959,0.814295125
0.237981724,0.052690184
-1.450757727,0.787375001
-0.457034555,0.279716899
-1.87468393,0.313354683
-1.261228136,0.708580946
-1.60986923,1.523086046
-0.188738313,0.120104207
-0.070912816,0.515035482
-0.357145666,1.522505634
-1.895127216,0.371534466
0.240887863,0.03811239
0.448012754,-0.201610979
-0.781276691,0.525426858
-0.158266706,0.59133586
-1.51287813,0.931076177
-1.234129076,1.269131102
-0.428326566,0.376338177
-0.522793174,0.873560564
-0.666523771,0.013605935
-1.211564511,1.049099506
-0.478645586,0.956175078
-1.610852679,0.133871784
-0.94064116,1.297546705
-1.459992282,0.54077366
-1.946213915,0.122000251
-1.341234898,0.767229101
-0.709206724,0.755907409
-0.822128261,1.120750644
-1.246251258,0.840141088
-0.011266872,-0.264628793
-0.719027434,0.673665214
-0.069157775,-0.235544725
-0.041131969,0.785362024
-1.862325676,0.486506328
-2.073312991,0.678725822
-0.869841088,1.297106636
-1.975732361,0.493622064
0.049814842,0.458244356
-0.281639161,0.88929571
0.007953813,0.450963792
-0.847767122,0.841235623
-1.270760416,1.104756493
-1.525608934,1.045954135
-0.71514113,0.023638628
-1.18903129,0.698663017
-1.980416287,0.781433009
-0.61136959,1.030806904
-1.875651512,0.123612377
-1.973410699,0.251705074
-0.734496693,0.543777629
-1.584015138,0.912686583
-0.167655697,-0.398595976
0.224932555,0.053864047
-1.483040469,0.987406702
-2.075280744,0.94495411
-1.673796953,0.278366175
0.03058488,0.008685385
-1.255850075,1.031705964
-0.042210022,-0.451205488
-0.047364948,0.285308095
-0.339309349,0.2185287
-1.772363612,0.27890042
-1.616111032,1.004053332
-0.925218587,0.63169408
-1.265523345,0.911790127
-2.406381284,0.3352441
-2.048823209,-0.321477547
-0.703943228,0.887641368
-0.252188897,0.061599907
-0.127165664,0.121783637
-0.93952204,1.395680506
-2.044578374,0.326635684
-1.668040664,0.307400689
-0.298030594,0.849567495
-0.535065471,1.044584154
-2.074112718,0.232461866
-1.662907019,0.929377696
-0.658051812,0.551903058
-0.923809524,1.016915636
-1.60691413,0.02116878
-0.790846523,0.983242287
-1.598640045,0.335566823
-1.375419351,0.712470101
-1.056960746,1.268503649
-1.819978289,0.448720248
0.232004708,0.52921001
0.080098056,0.47032115
-1.689081283,0.567347666
-0.61093619,0.755739723
-1.535156649,1.1602087
0.409315469,0.615511232
-0.616884632,1.046268048
-0.444336051,0.866733498
-0.014518933,-0.107385754
-0.68003239,1.045374585
-1.562526417,0.854931263
-1.606711586,0.567552355
-0.60872247,1.293270615
-0.721391316,1.09804735
-1.879549844,0.437114188
-1.63421894,0.523966055
-0.224257376,0.584685476
0.236415189,-0.083826303
-0.560630027,0.720785775
-1.727840371,0.756493462
-0.328669832,0.958142821
0.264996177,0.821706435
-1.139383644,0.993094011
-1.157071486,1.208377452
0.140964509,0.370667518
-2.305504024,0.450579627
0.067710804,0.410652879
-1.240144507,1.180924656
-1.23926743,0.684956607
-1.619439925,0.352196324
-1.960638078,0.550086342
-0.174575805,0.841164448
-0.201362027,0.372743796
-1.178248155,0.918129585
0.069565918,0.341747444
-0.011595723,0.060636686
-0.78215122,0.846660758
-0.303644879,0.896754403
-1.000883035,1.142913706
-1.367013738,1.433363581
-0.228929512,1.036014589
-0.481502605,0.940558536
-0.252790054,0.521279241
-1.382091059,1.127265921
-1.1617017,1.066309007
-1.492205134,1.251492592
-2.319178301,0.090240095
-0.778829589,1.187678827
-1.316840508,0.67974328
-0.162160621,0.967009447
-0.064535737,0.400425112
-0.656952027,1.189445398
-0.829888772,1.144787995
-1.007786481,1.196608842
-1.61226292,0.452323816
-1.463510279,1.016103621
-0.536813729,0.582311863
-0.219104081,1.13739677
-1.735167289,0.745012902
0.031419609,0.083310548
-1.802317944,0.887306613
-0.66352757,0.89699092
-0.338555283,0.71172402
-0.544923895,1.133496515
-0.484734954,1.063827684
-2.054675367,0.619044653
0.262354802,-0.144283445
-0.003015606,0.370452594
0.169561505,0.484872712
-1.677199468,0.36372915
-0.963225632,1.29103555
0.359087823,0.46573173
0.104240155,0.924403041
-0.959147397,0.888225135
-2.193936994,-0.180284179
-0.123448041,-0.107937275
-0.554853237,0.975619871
-0.770738208,1.262982705
-1.838117362,-0.009473892
0.133135249,0.343579437
-2.076457174,0.776441048
-2.040660163,0.513264093
-0.824863969,1.441306749
-2.003971778,0.487990626
-0.563883428,0.759527448
-0.174996063,0.117655085
0.197281616,0.48155907
-0.115029037,0.428425702
-1.522016868,0.954962071
-0.084116839,0.899580873
-2.287020767,0.630847309
-0.172562369,0.776532752
-0.170466848,0.636665128
-1.756030097,-0.163971401
-2.129461959,0.651045179
-0.235913032,0.839116332
0.025692204,-0.053620813
-0.531249133,0.37300856
-2.051769809,0.335375916
0.163304061,-0.425263645
-2.048769528,0.621435445
0.452880101,0.293498193
-0.149362563,0.91514088
-1.129400115,1.818623692
0.391470993,-0.093811333
-2.135852329,0.524928953
-2.112275732,0.436194713
-0.965821653,1.105543337
-0.757845827,0.762901684
-0.905887287,0.957509316
-0.421479918,0.878579352
-1.079311816,1.107744538
-2.276028384,0.360900215
-1.016029759,1.202595138
-1.1552615,1.138329368
-1.466468199,0.053396546
-2.034502979,0.218276115
-1.735645213,0.940056604
0.040210349,0.294698034
-0.099627569,0.119040397
-0.435554851,0.751924262
-1.36615737,0.726782384
-0.798674745,1.329443097
-0.146369287,0.479703901
-1.370284227,0.790242236
-0.215361011,0.929608287
-0.002945215,0.13617976
-1.831003173,0.291967786
-1.551174567,0.853284816
-1.488665998,0.755199342
-1.675804022,0.347809984
-0.208661744,1.156733902
-1.904450365,0.482818834
-0.090795051,0.188683074
-0.472480716,0.996657178
-0.670172883,0.813768348
-0.163509661,0.35055173
-0.502930321,0.938380276
-0.440749148,0.789238163
-1.513055415,0.863826216
-1.124595394,0.7566083
0.28679668,0.410011467
-2.009091076,0.127002874
-0.954124483,1.820248413
-1.626082318,0.848101879
-0.175732953,0.483325151
-1.877061677,0.376028833
-0.409267213,1.099885374
-1.532162728,0.851135022
-0.932846941,0.874816409
-1.873274534,-0.289742101
-0.098542104,-0.004085483
-0.605737434,1.28234984
-0.539598514,0.218280799
-0.166383521,0.365197679
-1.699857784,1.00913244
0.013354009,0.509263799
0.132377713,0.226597607
-1.586038782,0.448975306
-2.068778398,-0.051856853
-1.937449259,0.727701447
-0.129443394,0.540492667
-0.530161394,0.979071337
-0.581581159,0.736094424
-0.453103998,0.600951248
-1.983351379,0.90695271
-0.034671944,0.479001155
-0.005982128,0.217286508
-0.181164429,0.584089539
0.280508495,0.454425852
-0.325857371,0.299383782
-0.483013396,0.624432438
-0.545331466,1.109128612
-0.852301443,1.157445464
-0.475249165,0.446511716
-2.5283848,0.737810255
-1.559668811,0.767538759
-1.512668288,0.506612751
-1.818191873,0.093528005
-0.311467641,1.036120739
-1.94616026,0.468862358
-1.959569103,0.094763282
-0.521522084,0.976152156
-0.294143397,-2.332873827
-0.739554234,-1.726396586
-1.981327729,-0.777261837
-0.771199105,-1.460426916
-0.024544867,-2.394677545
-0.52926166,-1.882323361
-1.54877365,-0.8174059
-1.058726249,-1.193151887
-2.098637889,0.030329765
-0.315538988,-1.805030335
-1.42205242,-0.729240702
-1.617405089,-0.942322374
0.061972869,-2.315369283
-0.300353716,-2.166400932
-0.163750838,-2.247303406
-1.614500397,-0.873241075
-1.651462509,-0.461510286
-0.184567349,-2.469025397
-0.888965037,-1.53624489
-0.810370135,-1.455681967
-0.998779676,-1.341156554
-0.451373642,-1.845862491
-0.206635024,-1.97566226
-2.112945086,-0.158309776
-0.00913194,-2.063701545
-0.64109882,-1.83419413
-1.550817209,-0.540320133
-0.024907119,-2.277553366
-1.175627538,-0.753156404
-0.035726077,-2.100805471
-1.650575308,-1.199104688
-1.880202732,-0.708308863
-1.604238389,-0.907047852
-0.597406678,-1.80942772
-1.918612567,-0.159583992
-0.932813892,-1.58202796
0.118707978,-2.546506965
-1.751488203,-0.243847981
-0.63878598,-1.878874776
-1.912125285,-0.164176566
-0.303829337,-1.750042168
-1.219548345,-0.787013651
-0.785207582,-1.40537606
-1.40225778,-1.092535432
-0.240396718,-2.134733831
-1.057661163,-1.243431432
-0.060139803,-2.117129094
-2.030094905,-0.229549557
-0.386468256,-1.881634797
-1.021542769,-1.17075207
-0.453437149,-1.930957394
-1.623447073,-0.913015281
-0.546438561,-1.821163483
-1.817371572,-0.546816037
-0.171608424,-1.996447577
-0.381640464,-1.900958176
-1.243729476,-1.270232681
-0.440527046,-1.740803384
-1.346641365,-1.084843071
-1.930916055,-0.68152107
-0.409990781,-2.08613779
-0.154904635,-2.31879076
-1.440743529,-1.048985405
-0.57343807,-1.652868032
0.09910353,-2.403580568
-1.713832424,-0.650687784
-0.839647722,-1.614332925
-1.573718872,-0.71766628
-1.688394615,-0.514568652
-1.614966711,-0.474250265
-2.039951816,-0.048934026
-0.392756162,-2.048050097
-0.287086481,-1.994681121
-0.901042595,-1.506701189
-1.031852054,-1.224550263
-1.858396298,-0.228176634
-0.843479338,-1.652133809
-1.622229717,-0.635324063
-0.941051773,-0.994199519
-0.99664219,-1.331022349
-1.810906024,-0.148632866
-0.436672449,-1.988761205
-0.978858561,-1.327849366
-0.295045402,-2.203309932
-1.033851143,-1.397571163
-1.050104472,-1.177843877
-1.524686792,-0.885960793
-0.790194201,-1.282893011
-1.426293762,-1.228744344
-0.102943087,-2.366052332
-1.305557117,-1.128584783
-1.931017688,-0.091612224
-2.111412749,-0.318030503
-2.026128755,-0.550402158
-1.652626424,-0.40530541
-1.289848382,-1.458965991
-1.448097669,-0.963772542
-1.504798136,-0.737890355
-0.453769026,-1.726601596
-0.072704278,-1.929714565
-0.447223491,-2.151427051
-1.524512923,-0.780193458
-1.876894962,-0.262294813
-1.19046161,-1.215202462
-0.717106067,-1.42956543
-1.963457317,-0.579680796
-0.141587237,-2.113862423
-0.558434276,-1.563133916
-0.861268635,-1.511033482
-1.375689351,-1.052771165
-2.058491981,0.062644062
-1.834495525,-0.836320296
-1.778849111,-0.363533524
-1.702369695,-0.693443078
-1.498175305,-0.853713497
-1.322829298,-0.995153052
0.00353207,-1.989781107
-1.258401,-0.983625984
-0.738309424,-1.829536974
-0.655021777,-1.771025393
-1.75383634,-0.647260432
-0.698973279,-1.654920535
-1.027964128,-0.906820196
-1.884884347,-0.682542716
-1.763816912,-0.961965561
-1.395678804,-0.91125942
-0.283208882,-2.115417823
-1.826684281,-0.756529788
-0.973583235,-1.626420861
-0.471302024,-1.559725346
-1.074480275,-1.285738208
-1.162705379,-0.91775799
-1.968738704,-0.002122127
-1.429456505,-0.737130805
-1.13926684,-1.385120532
-2.090744969,-0.034505529
-2.100077423,-0.446997661
-1.64951325,-0.552486741
-1.483995374,-1.073575451
-0.553334277,-1.854184885
-0.699734073,-1.58589883
-1.725094231,-0.931894059
0.137094928,-2.132871944
-0.35670385,-2.004039969
-0.414100008,-2.021907867
-1.315549472,-0.945536829
-1.278040587,-0.981672714
-1.46611877,-0.817266129
-1.714237241,-0.646463521
-0.175533597,-2.187500438
-1.918827416,-0.414153392
-0.502067328,-1.930180649
-1.73132145,-0.123681428
-0.311236893,-2.000437974
-1.019433963,-1.32114429
-0.788809703,-1.605894041
-0.371154844,-1.903818328
-0.892097315,-1.419898798
-0.566184779,-1.754519098
-0.707697631,-1.616141668
-0.429493725,-1.930806822
-1.47597853,-0.6331714
-0.389837419,-1.557188729
-0.723449244,-1.386304862
-1.422257128,-0.844667645
-1.369918877,-0.937685051
-0.7330387,-1.459230888
-1.821692967,-0.616866491
-0.440583106,-1.737956448
-1.813305973,-0.88484864
-0.93716822,-1.309609585
0.037870971,-2.398304759
-1.623633976,-0.957138603
-0.605048892,-1.631342231
-0.947159601,-1.440540033
-0.18637688,-2.269796593
-0.182374434,-2.242983161
-0.910554149,-1.337715799
-0.866511156,-1.497542496
-1.882885373,-0.520237248
-2.005531748,0.140501792
-1.143185263,-1.38209944
-2.153286296,-0.009951684
-0.413214825,-1.753088627
-0.7017721,-1.63967023
-1.079577934,-1.307678399
0.017259368,-2.224397126
-1.115425565,-1.37394851
-2.081304581,-0.513089759
-0.325971619,-2.144719706
-1.631878662,-0.71715642
-0.638944512,-1.738335224
-0.406096376,-1.7207125
-0.856271488,-1.636919797
-0.396657846,-1.815183968
-1.795440147,-0.72836176
-1.44774286,-1.04429153
-1.302779335,-1.195660966
-1.934025228,-0.09396693
-0.657203379,-1.657078685
-1.522418753,-1.048739703
-0.786688544,-1.699680373
-0.004215483,-2.139648559
-0.08589961,-2.68456407
-1.912065565,-0.364280506
-0.948203323,-1.002483897
-0.275512,-2.212324387
-0.650675969,-1.401079386
-2.051261622,-0.198466057
-1.342553597,-1.059673927
-0.581705739,-1.716580202
-1.953667464,-0.364747601
-0.996566273,-1.327529161
-1.556775406,-0.872823146
-0.067152938,-2.267405184
-0.316639168,-1.842587121
-0.277640328,-2.101488987
-2.169894067,-0.104315742
0.003552196,-2.387925393
-1.56151094,-0.985965903
-2.119175063,-0.024882272
-0.25422162,-2.202538251
-0.381112095,-2.037881556
-1.784441236,-0.671200857
-0.115827668,-1.97313464
-1.758170515,-0.540139837
-0.190798675,-2.058980465
-0.770176679,-1.511984345
-1.44035253,-0.879617156
-0.059973296,-2.601115541
-1.446481734,-0.816076135
-1.548232111,-0.57726619
0.088762776,-2.406400765
-1.814548491,-0.118532832
-1.939369474,0.046914496
0.119419827,-2.45949139
-1.899711564,-0.51565361
-1.851045453,-0.231896843
-0.241387553,-1.89225537
-0.780788872,-1.282680918
-0.425712221,-2.035596235
-1.854859931,-0.476855303
-0.600484371,-2.000677669
-1.94919348,-0.393285711
-1.024415595,-1.113867167
-0.078252785,-2.42300722
0.059697988,-2.094142598
-1.379209966,-1.188814256
-1.290575318,-1.124163337
-1.892419671,-0.449059886
-0.483352921,-1.467234322
-1.944698936,-0.220990951
-0.784201826,-1.599840918
-0.634625455,-1.991717346
-1.739815347,-0.37877576
-1.805127063,-0.271961725
-1.885207994,-0.529293389
-1.735369942,-0.848780857
-0.138368547,-2.145996009
0.011631313,-2.312226274
-1.315789344,-1.053135403
-0.81997585,-1.147107833
-1.573690878,-0.988100434
-1.680171319,-0.85746867
-1.492393854,-0.588766346
-0.483209157,-1.841512953
-1.26234981,-1.117235564
-2.018904035,-0.423368475
-1.236168119,-1.330856927
-1.317064963,-0.998743928
-1.232164611,-1.150067883
-1.246380107,-1.22533565
-2.066583228,-0.104592382
-2.02363341,-0.33032126
-1.440595849,-1.105404386
-1.789202432,-0.523338532
-1.915749087,-0.465887693
-1.652187382,-0.968660673
0.030721272,-2.324964762
-0.247851875,-1.959183388
-0.093032587,-1.873647023
-0.516657732,-1.778994733
-1.409378139,-0.900481835
-0.87167679,-1.403048386
-1.276344223,-0.783176109
-0.280001694,-1.822780873
-1.597939853,-0.61623202
-1.832820589,-0.672434582
-0.119256529,-2.161309303
-2.130194952,-0.199781975
-1.297203426,-1.214294231
-0.948294573,-1.39162925
-1.385172878,-1.160373223
-0.610230582,-1.688092812
-0.533743428,-1.502885471
-0.72730681,-1.727669641
-0.349285531,-1.916868904
-0.049869428,-2.258698634
-0.438980276,-1.904217625
-1.925018337,-0.412538936
-1.478685537,-1.109710634
-1.506083634,-1.003674732
-0.447899842,-2.029930246
-0.583284578,-1.692440772
-0.498592861,-1.926418044
0.061307727,-2.211083424
-0.427355935,-1.95926117
-1.066154748,-1.517275131
-1.897454285,-0.652213561
-1.375578703,-0.985169513
-1.488117554,-1.140794306
-0.54740513,-1.671942062
0.059475711,-2.38166006
-1.614590004,-0.519472044
-0.983403841,-1.636100007
-0.317285396,-2.093999831
0.076989179,-1.975989045
-0.1831392,-2.121301372
-1.211835532,-1.335590687
-1.348050945,-0.895913803
-1.752656607,-0.823069999
-0.360713345,-1.772646454
-1.39184941,-0.857776869
-0.014887427,-2.180873049
-1.272965964,-1.181888912
-0.461004594,-1.889149297
-0.361891629,-2.066877167
-0.718669794,-1.914321775
-0.455720784,-1.992114123
-0.594661272,-1.47490907
-0.224138474,-2.361614068
-1.77017812,-0.78918851
-0.386188367,-1.620908117
-0.612017587,-1.4852805
-1.628718177,-0.544907392
-1.787265618,-0.644902515
-0.018104352,-2.144492873
0.032701015,-2.129496268
-0.541219982,-1.595299006
-1.557809274,-0.968496084
-1.827183476,-0.048771436
-0.137014645,-2.319492674
-1.205002263,-1.272750427
0.147316983,-2.516639518
-0.87780029,-1.294325648
-0.298440849,-1.86244397
-0.340905308,-2.103048562
-0.082320986,-2.18707654
-1.773617624,-0.846650583
-0.4322156,-2.133434841
-2.039572484,-0.377946631
-1.283824192,-1.026227457
-1.278173578,-1.136840053
0.024644973,-2.165757202
-2.04859062,-0.221991055
-1.785531883,-0.64840904
-2.140220931,-0.316956882
-0.066621804,-1.854520221
-0.756934842,-1.768360372
-1.94224093,-0.068397264
-0.131742007,-2.403052745
-1.019552017,-1.178039741
-1.919960448,-0.310504601
-1.90346006,-0.308507767
-1.975608978,-0.444658172
-0.514242927,-1.706919598
-0.48461999,-1.545146745
-1.599686276,-0.911250151
-0.156059473,-2.194418121
-1.79793685,-0.818317442
-2.242567913,0.0344171
-1.555601343,-1.114169622
-0.285721366,-2.077686515
-1.390573352,-0.7261292
-1.868480506,-0.863025116
-0.385969023,-1.67462812
-1.668381131,-0.487690226
-1.987666879,-0.385927738
0.016156244,-2.330071638
-1.946502156,-0.287798562
-2.195767355,-0.009767347
-1.325775224,-0.943673953
-1.038831946,-1.31695857
-2.010060102,0.058464052
-1.472061716,-1.085981679
-0.859891823,-1.589969699
-1.336336789,-1.136851115
-0.942543874,-1.421501735
-1.199826982,-1.156092454
-1.906233698,-0.481698964
-1.283691611,-0.873643445
-0.004887499,-2.34232885
-1.688174595,-0.691928621
-1.56512617,-1.111139447
-1.375361755,-1.215069687
-0.582256771,-1.635043887
-1.655091031,-0.710093126
-0.145497686,-2.32501258
-0.506882853,-1.583214307
-0.404263746,-1.703839883
-0.935611579,-1.307963484
-0.058954172,-2.022609088
-0.137753437,-2.181244886
-0.454778734,-1.895075217
-1.802039061,-0.286963479
0.214830239,-2.502686479
-1.106275324,-1.009331859
-1.113893518,-1.204538172
0.012387021,-1.971092685
-0.306113174,-2.261686916
-1.096495695,-1.260315583
-1.833112369,-0.372846421
-1.815601226,-0.402725671
-1.767721939,-0.594606103
-1.991492788,-0.292749232
-1.92845134,-0.211517878
-1.413656788,-0.887376938
-1.892691749,-0.512733817
-0.309246181,-1.795822476
-0.457691316,-1.620225062
-1.965445107,-0.431752597
-1.069329357,-1.710500971
-0.711686153,-1.78807517
-1.252154528,-1.302036692
-1.188268599,-1.14028784
-0.805041266,-1.67902145
-1.945367426,-0.591731817
-1.504505582,-1.008818808
-0.336519125,-1.813018563
-1.144804657,-1.182258717
-0.69061432,-1.463041866
-0.84858048,-1.502677453
-0.378645375,-1.657431363
-1.843277088,-0.413291845
-0.691439186,-1.308835043
-0.721437641,-1.706249587
-1.005469221,-1.495979815
-1.567403419,-0.966725769
-2.049050224,-0.360587345
-0.119195909,-1.948655459
-1.952159455,-0.104047315
-1.822215685,-0.70283756
-1.203938906,-0.682785653
-1.327221355,-1.094956593
-1.81332207,-0.24661682
0.025542787,-2.462473334
-0.172821584,-2.379806283
-1.725375666,-0.651087954
-1.256008442,-0.928944249
-1.604791515,-0.487122932
-0.521931895,-1.869951078
-0.755252031,-1.494776276
-1.943592667,-0.582727875
-0.237904948,-1.664022197
-1.373882353,-0.911823729
-1.969962539,-0.229834436
-1.887634992,-0.192333959
-1.888748779,-0.162684674
-2.121817896,-0.232772786
-0.394880422,-2.016032846
-0.566933532,-1.717853536
-0.172129553,-2.39010458
-0.695696252,-1.407763614
-0.185926584,-2.114315938
-1.833755807,-0.637930218
-1.270865757,-1.118082371
-1.90723403,-0.265243355
-1.298643331,-1.132958382
-1.338371939,-1.360471456
-1.385755665,-0.834628317
-1.398437103,-1.133529485
-0.014176559,-2.182083043
-0.294095175,-1.840833414
-0.504227728,-1.691346092
-0.489366132,-1.796742108
0.013217887,-1.874616881
-0.000761322,-2.119165343
-1.369318337,-1.210986349
-1.698254466,-0.631132394
0.116566181,-2.671075178
-2.063670458,-0.407162575
-1.53092934,-0.654938583
0.127532159,-2.402326704
-1.658055122,-0.634844802
-1.892101787,-0.598266016
-0.342383875,-1.852343056
-1.082357675,-0.898918033
-1.690761279,-0.572691115
-1.917423021,-0.604209951
-1.936205019,-0.004697449
-0.096793874,-2.243072766
-1.59796835,-0.51980594
-0.995755768,-1.305041941
-1.847591485,-0.223648564
-0.62788321,-1.989011558
-2.0841953,-0.46027919
-1.203465147,-1.216292923
-1.913486385,-0.028294526
-1.980452625,-0.251122195
0.138837954,-2.341754138
1.99128215,0.139303066
0.060036101,0.625521234
1.329027927,0.801548014
1.744914956,0.353973685
2.067820159,0.153830444
-0.185394624,0.307039451
0.784740843,1.013507885
1.825734377,-0.012882179
0.612669364,0.911841502
1.937244529,0.717927588
0.220537522,0.576523488
1.969539781,0.403802186
1.61951605,0.44007702
1.725507481,0.506313433
1.371467463,0.92882997
0.118865611,0.021813055
1.736144507,0.443135921
-0.052995276,0.494301973
0.053843748,0.096074825
0.044563981,0.190664917
1.341700925,0.78449994
0.008111856,0.03164565
0.7710677,0.7661517
1.32729369,0.884546524
1.535151423,0.985415212
1.360600064,0.947740721
2.167326847,0.073220224
1.89913216,0.173491112
1.529758261,0.857606292
1.158203475,0.998099513
0.677046875,0.669108423
1.739365642,0.908844933
0.537215563,1.112272873
0.328692992,0.459908139
0.306878028,0.694437801
1.312744791,0.653241017
0.667862915,1.015897747
-0.019632584,0.290746607
1.757352489,0.656634329
0.549164723,1.126043046
0.589490379,1.034337504
1.650679041,0.62126532
0.306383658,0.390951649
-0.150882835,0.311050638
1.623844854,0.763473879
1.661260636,0.852264568
1.763812748,0.308024787
0.200391513,0.222793556
0.668991935,0.718960514
0.386355909,0.789014068
0.652476093,0.85423201
0.078820237,-0.113147301
1.673481095,0.046069832
0.471238686,0.970316926
1.23094356,0.983540117
1.19841186,1.060551371
1.114199355,1.044778128
1.771647624,0.414969338
1.980112525,0.334183699
1.836928703,0.277944757
1.671630608,0.807887771
0.343486793,0.662315301
1.999257121,0.065607914
1.947863494,0.254211205
0.876617029,1.356402444
0.296893796,0.583015435
1.851194213,0.665977467
1.214876337,0.89269172
1.733407741,0.643058138
1.964673949,0.067158022
-0.030748743,0.253349593
0.990700926,1.150611453
1.84544753,-0.023165266
1.083414167,0.933028326
0.094297428,0.223085505
1.880254985,0.571230089
-0.223034277,-0.010018386
0.151234881,0.506669111
1.691969997,0.847855134
0.334324838,0.927068231
0.955851397,1.070180888
1.824404179,0.439994069
1.952050497,0.295600399
0.537078208,0.825979195
0.831198777,0.804106803
0.441966188,0.812281362
0.946589713,0.896747522
2.066924471,0.654927228
0.724921516,0.704423959
0.359773043,0.827819366
0.741117818,1.016636523
0.275079925,0.409187766
1.936764563,0.224657657
-0.125386416,0.032502046
1.722315732,0.568814957
-0.0782021,0.425017034
2.038924357,0.300976862
1.344071577,0.650107497
-0.027976464,0.603083777
0.456032293,0.679705938
0.608404418,0.939818002
0.377313071,0.473665472
0.149630453,0.166551562
1.415149818,0.913757073
0.176180888,0.118875555
0.595976078,0.907419987
0.839069276,0.835239846
-0.008859742,0.53532145
2.046673436,-0.117680655
0.172022709,0.20094187
0.59039858,0.760292806
1.999700465,0.31291713
0.901840552,1.25669378
1.902295852,0.669283155
0.034100728,0.011655507
0.207534493,0.784906158
1.364242173,0.823768793
-0.033960533,0.186360682
0.485112821,0.60368274
0.419474326,0.819001451
1.866211322,0.597195441
1.824364325,0.778318849
1.485351395,0.922069171
1.092864505,1.023760221
0.264239081,0.68042807
0.04239525,0.2494206
1.308484324,0.915071529
1.496531842,0.804855033
1.269676515,0.959301488
1.229236741,1.014210853
1.665905558,0.813611913
1.069058105,0.836151179
1.694153432,0.523434202
0.607327473,0.703304153
0.970920397,1.126613316
1.930408467,-0.05259303
1.637933269,0.503485467
1.838856595,0.616230394
0.089111468,0.08752072
1.761799772,0.668473222
-0.021544121,0.316922193
0.648690085,0.756056299
1.738728553,0.820058561
0.520851598,0.846008115
1.669449587,0.275622253
0.157648338,0.621621636
1.718016171,0.628517114
1.982335873,0.296093703
1.411932904,1.129170987
1.36922981,0.982294372
1.974024017,0.404487834
1.661158685,0.849715168
0.027405041,0.178246001
0.960203818,1.184750014
1.195858499,0.757153392
1.29904846,0.840796987
2.005474133,0.304866581
1.931132343,0.478346122
0.405858636,1.063898222
0.918184545,1.128455467
1.108609061,1.107554495
0.571670076,1.029907475
-0.003338308,0.663043139
1.084915458,0.901679004
1.935657854,0.137854287
0.223830773,0.358935414
0.128957339,0.214471721
1.442881565,0.654189831
1.008517815,0.993301966
0.069001925,0.13662503
1.040406376,1.201143308
0.377705385,0.777851362
1.845749565,0.163393311
2.039685265,-0.058764803
1.59271817,0.589924732
0.142837508,0.573886485
-0.028818804,0.370702639
0.149397781,0.464775317
1.830272589,0.910717253
1.397986323,1.003577439
0.431196604,0.571540936
2.14525279,0.387157198
0.418571041,0.95800003
1.851550976,0.17990003
1.231094271,0.988753963
0.558601522,0.921101913
0.499198197,0.807059021
1.845743627,0.405613525
0.062195676,0.44332095
0.351774955,0.484619153
2.239588102,0.085934403
-0.304900044,-0.018911751
1.853875744,0.047408658
2.043682936,0.103918759
0.712715433,1.083969846
2.001966326,0.0459533
0.392099864,0.331596659
0.164054239,0.222657622
1.96319281,0.056584023
0.751494084,0.872087435
2.093765632,0.313675811
1.739374955,0.802925588
0.000284763,-0.09799513
0.950394131,1.068145119
-0.063367872,-0.13216348
1.543921678,0.843192946
0.379922384,0.761530445
0.371826457,0.592449748
1.527395399,0.792819732
1.531900337,0.755655926
0.879777244,1.128206569
2.111093392,-0.205739347
0.541455187,0.917639028
2.027838823,0.455937796
0.996751768,1.030731349
1.422151497,1.067173696
0.047547626,0.72202393
1.870015517,0.610429506
2.012850801,0.016340578
1.102684465,0.986083234
1.462502445,0.955275247
1.194157802,0.84736233
0.152134541,0.887468931
2.185625337,0.073743018
0.890103814,0.77191674
0.924442405,1.084117111
1.356166116,0.936152645
2.014009031,0.248253612
0.434309805,0.798089495
0.24312011,0.607603621
1.639986678,0.600500373
0.955861346,0.933402648
1.480913783,0.868620139
0.21149057,0.706870001
-0.02352888,-0.041306623
0.069527101,0.801776535
1.583629829,0.775362941
0.066089225,0.407823395
0.303547597,0.984467054
1.859149046,0.62930934
1.881185619,0.743022127
1.301633491,0.867324772
1.74473165,0.334974914
2.157544613,0.295814135
0.313467004,0.558920972
2.042743885,0.099239291
0.328482899,0.720778067
1.893655865,0.444343134
0.270374557,0.346399898
1.775939041,0.555131527
0.529555766,0.952192604
1.554042398,0.487953742
1.616856916,0.711015782
2.152150525,0.155586596
0.569563029,0.850076568
1.417859925,1.047111933
1.610443027,0.880135115
1.483952459,0.618586374
1.740803202,0.269381251
0.495650449,0.796464086
1.486340171,0.520385951
2.039833696,0.671621471
0.843447472,1.057566724
2.080499977,0.486442265
2.198087959,0.04126379
0.763789413,1.086352014
1.093620276,0.851750419
0.827158719,1.080911531
0.527920305,0.866564167
0.669420661,0.903965345
-0.124680765,0.009725518
2.1431189,0.296042918
0.926044141,0.609927852
1.587394014,0.941225839
1.974680388,-0.078360174
1.448899228,0.813591479
0.477897272,0.856097484
1.346025396,1.072393438
0.402118417,0.802718632
-0.068094124,0.521457458
-0.04458731,0.213668767
0.715948572,0.865000718
0.053246734,0.572553281
0.301371489,0.914269463
1.858962225,0.57474378
0.332081058,0.68810093
1.274424803,1.055003444
1.642718404,0.75267794
0.029420279,0.208350944
0.42359323,0.96387102
1.246942451,1.076941311
0.113797406,0.11493452
1.685989622,0.851516521
1.846219052,-0.14241108
1.465496163,0.705280306
1.565911494,0.976019547
0.330653754,0.827353838
0.953490482,0.845894908
0.90026981,1.098342645
2.138615904,0.069215245
0.068235518,0.343639905
0.531171962,0.837665937
0.604214786,1.005604076
0.581281281,0.921226515
0.109319923,0.102614879
2.092413962,0.268246139
0.392268243,0.628309339
-0.122071695,0.485942153
0.27624263,0.498800851
1.74962388,0.803883566
1.603107972,0.664149574
2.0246457,0.57478865
1.748500353,0.576787504
0.631766414,0.76135133
0.869226632,0.81490933
1.880863043,0.404423556
0.15009034,0.175062147
0.035102981,-0.176693431
1.98471577,0.751052516
1.73476385,0.484923628
1.788135001,0.436535499
1.377152962,0.946520418
0.244621797,0.850995432
1.944232433,0.461173341
0.076589871,0.210148888
1.274481352,0.739522052
1.787571738,0.531066039
1.553127396,1.10150774
1.601743765,0.87540851
1.71935761,0.684145016
0.041076485,0.418367445
0.198127378,0.388473116
0.017875284,0.614709578
0.994161272,0.933847252
0.040037001,0.295588669
1.684641185,0.446126333
1.430688026,0.878960076
2.007195028,0.234296252
1.943865487,0.087775645
0.769594392,0.964746787
0.6241925,0.584166127
1.204292329,0.75836479
1.951693791,0.356731073
0.574969116,0.807904352
0.114745966,0.081957249
0.940827095,0.882514801
0.317418689,0.77939446
1.028461392,1.077414021
0.674106839,0.985796381
1.466715031,1.215492238
0.22518677,0.547236103
0.107470622,0.231282616
0.297909032,0.884484818
1.795882222,0.604292697
0.264508279,0.640390568
0.886845211,0.972384798
0.749655437,0.986124615
0.809419602,1.036075091
1.094702027,1.081902562
1.625343595,0.665569642
0.645848864,0.742282542
1.395161145,0.96066993
0.076569664,-0.010170549
1.68641359,0.817635786
0.126515583,0.642455118
0.284883667,0.820360305
0.135214882,0.459786714
0.693275531,0.888815579
1.573795556,0.854541549
0.489707087,0.799935412
1.868030713,0.180131932
1.989029862,0.050397281
1.477045749,0.901031523
0.25809431,0.634876354
0.339597075,0.884237771
2.122985527,0.407945742
1.408123831,1.125058738
0.669643349,0.863058411
1.589231598,0.666943244
1.631298395,0.797378162
0.622071575,0.955088064
0.828508884,1.088514067
0.706974529,0.911815395
0.131155656,0.141944133
1.56214601,0.753000424
0.609047151,0.789466269
0.201031886,0.559706005
1.895443117,0.678086144
0.161570419,0.39665398
0.967781419,0.962481944
0.113613274,0.555470211
1.538028201,0.993985879
0.519606996,0.725991219
0.14900002,0.733747095
-0.011830553,0.245252154
1.508678142,0.780068863
1.426115259,0.761860517
1.886206305,0.13128629
0.930352618,1.118642381
0.102785566,0.42284856
1.333782685,0.900783353
1.914335496,0.044759987
1.326101043,0.623203214
0.030748239,0.170281207
1.067776257,1.021487173
1.432156047,0.955214813
2.07963947,0.101913152
0.890186628,1.130107878
1.950627522,0.106945308
1.321615245,1.019633661
1.289034605,0.88466439
-0.078919763,0.421393844
1.357584771,1.072944125
0.535202053,0.797289736
1.417813467,1.032857579
1.745137017,0.793693261
0.338905351,0.554548959
2.101983998,0.166117656
0.708217371,0.938246053
1.354434345,0.90716617
-0.01960307,0.150024973
1.881286046,0.121689305
0.519514962,0.812520311
0.016913835,0.269119914
1.605264215,0.468517251
0.051069349,0.304772591
0.311037472,0.784112776
1.926194089,0.057645729
0.84748783,1.050538259
1.559160819,0.758244353
1.081517926,1.01363413
0.025344138,0.612620903
2.09496017,0.14608492
0.239632382,0.507275268
0.332132225,0.94677674
1.049240832,0.968478497
1.738258971,0.286739395
1.051582923,1.131150939
1.643198318,0.446763835
1.178827387,1.285600906
1.165377287,1.055944629
0.492044035,0.66615727
1.834537803,0.508426095
1.12170262,0.839514087
0.886006146,1.12617436
1.917376947,0.240266033
0.504017123,0.50630287
1.689380034,0.738385382
0.052520288,0.065769426
1.025490459,0.989002938
0.455092825,0.767769858
1.775023184,0.435285561
0.519040315,0.919966121
0.887613779,1.031896492
1.489485624,0.849789505
1.612719565,0.694338591
0.249685382,0.495838406
1.9736633,0.287789673
0.236994196,0.59748976
1.555740169,1.099345477
0.075430963,0.415713143
1.838492912,0.031437772
0.138707716,0.851933185
1.736974319,0.823685624
0.591178285,0.601709476
1.39943588,0.968609854
1.485859108,0.780392141
0.766516582,0.873841516
1.941567148,0.050142071
1.691488867,0.754653946
1.899290624,0.28934176
0.775494206,1.03565172
0.196163248,0.439841506
1.916068905,0.621374674
1.768640165,0.34746636
1.096125947,0.877983023
0.748183636,0.975617282
1.691838604,0.737181374
1.184038961,1.0061378
1.873747954,0.143478383
1.445155764,0.822738929
0.180177306,0.743851849
0.03289668,0.166107767
0.257763106,0.661277469
0.913066891,1.155340546
0.239828111,0.387251428
0.484497839,0.621978725
-0.046172258,0.163190173
1.564900092,0.713357169
1.075123287,0.757817252
1.124865096,0.653198596
1.163034262,0.945619374
2.171645425,0.061567364
1.026117317,0.882221236
1.126523062,0.983711656
0.148023556,0.593554689
-0.115822419,0.429937241
1.398061801,0.799216457
1.953210464,0.266335976
0.643414884,0.85290475
